{"cameraMode":{"drawMode":0,"name":"Shaded","section":"Shading Mode"},"sceneLighting":false,"audioPlay":false,"sceneViewState":{"m_AlwaysRefresh":false,"showFog":true,"showSkybox":false,"showFlares":true,"showImageEffects":true,"showParticleSystems":true,"showVisualEffectGraphs":true,"m_FxEnabled":true},"in2DMode":false,"pivot":{"x":0.0023753196001052858,"y":-0.031090587377548219,"z":1.0076133012771607},"rotation":{"x":-0.06849516183137894,"y":0.9285445213317871,"z":-0.29366859793663027,"w":-0.21663106977939607},"size":0.2742214798927307,"orthographic":false}